dataset_sizes,loki_time,nn_mapes,nn_mape_uncertainties,proj_mapes,proj_mape_uncertainties,nn_rmses,nn_rmse_uncertainties,proj_rmses,proj_rmse_uncertainties
300,7017.0,29.70884007840785,1.0611100701395388,29.000707266020576,1.0580264289833052,0.0499870495306045,0.0014570322553813689,0.04857061010711397,0.0013991343967560146
400,9356.0,25.524954811747257,1.3006471571059073,24.949664308406053,1.3079851485681173,0.04350293879298766,0.0015053110764558111,0.042390903464509466,0.0014612388784468928
500,11695.0,24.416101320837264,1.020065283733386,23.741497975178568,0.9916618075734667,0.04264668039246947,0.0013515269343631186,0.0414996490112466,0.0012818794241545035
600,14034.0,22.715711392952034,0.9541581831327288,22.122970333681764,0.9461038609911758,0.0378671130834189,0.0010043739565356936,0.03690392719290625,0.0009680697168597234
700,16373.0,20.445765250442243,1.127669408806117,19.835792489802635,1.0896928125858352,0.03568239461874093,0.0013202802695510035,0.03489264483927597,0.0012955376123758788
800,18712.0,19.28800867733526,1.0145915783670996,18.800282350280337,0.9901485030595275,0.0315461387137541,0.0012070456954891044,0.030908093729474118,0.001193214378653205
900,21051.0,18.236892123872543,0.8591570756624995,17.7321040345291,0.8560647441976265,0.031440379033428015,0.0011127292870231034,0.030721790340831313,0.0010998130414523585
1000,23390.0,16.739024104659098,0.7023246549500723,16.284798922227743,0.7026056168044271,0.029336129718905868,0.0011443686865941448,0.02867966624876144,0.0011107806045407103
