dataset_sizes,loki_time,nn_mapes,nn_mape_uncertainties,proj_mapes,proj_mape_uncertainties,nn_rmses,nn_rmse_uncertainties,proj_rmses,proj_rmse_uncertainties
400,9356.0,30.569591396413312,1.3804743998113156,29.053565341265177,1.2743397467058002,0.07068233530440081,0.00198682642210612,0.06661538686623754,0.001832481838374657
500,11695.0,24.726346181436476,0.44637009805498373,23.678171591709837,0.4207094334127384,0.06140109401058461,0.0006620239986204618,0.05811164528358521,0.0005981444294782903
600,14034.0,22.53547145471642,0.5418322684847906,21.636074600317688,0.49799476384254865,0.05690697701061212,0.0008859845171343736,0.053929584005178235,0.0008135518586081323
700,16373.0,21.269501883884523,0.3497155551625625,20.491647048325397,0.33553255581493774,0.055031890479358095,0.0007870267667792094,0.05224678164561555,0.0007094701780884526
800,18712.0,21.081822730799722,0.3193758221308947,20.20454601658823,0.27884486778116124,0.054342267213662684,0.0007676558642654008,0.05163197587831478,0.0007086894841307473
900,21051.0,20.047213358757727,0.31844973880783495,19.36954917967577,0.27180967131023964,0.05195658478595304,0.0006964770053185564,0.04940585918927831,0.0006308550535963779
1000,23390.0,19.278177063108167,0.3052458689541682,18.646387533843164,0.2874612194258879,0.049805026113881934,0.0007755305432115439,0.04748281981276932,0.0007195638535437574
