dataset_sizes,loki_time,nn_mapes,nn_mape_uncertainties,proj_mapes,proj_mape_uncertainties,nn_rmses,nn_rmse_uncertainties,proj_rmses,proj_rmse_uncertainties
300,7017.0,54.05946682001034,0.07959701118668007,44.36571505615349,0.10424671998033663,0.07624259481029295,0.00014913355883155172,0.07166757010043141,0.00015770713624377832
